author,points_sum,points in 01/2017,points in 02/2017,points in 03/2017,points in 04/2017,points in 05/2017,points in 06/2017,points in 07/2017,points in 08/2017,points in 09/2017,points in 10/2017,points in 11/2017,points in 12/2017,points in 01/2018,points in 02/2018,points in 03/2018,points in 04/2018,points in 05/2018,points in 06/2018,points in 07/2018,points in 08/2018,points in 09/2018,points in 10/2018,points in 11/2018,points in 12/2018,points in 01/2019,points in 02/2019,points in 03/2019,points in 04/2019,points in 05/2019,points in 06/2019,points in 07/2019,points in 08/2019,points in 09/2019,points in 10/2019,points in 11/2019,points in 12/2019,points in 01/2020,points in 02/2020,points in 03/2020,points in 04/2020,points in 05/2020,points in 06/2020,points in 07/2020,points in 08/2020,points in 09/2020,points in 10/2020,points in 11/2020,points in 12/2020,points in 01/2021,points in 02/2021,points in 03/2021,points in 04/2021,points in 05/2021,points in 06/2021,points in 07/2021,points in 08/2021,points in 09/2021,points in 10/2021,points in 11/2021,points in 12/2021,points in 01/2022,points in 02/2022,points in 03/2022,points in 04/2022,points in 05/2022,points in 06/2022,points in 07/2022,points in 08/2022,points in 09/2022,points in 10/2022,points in 11/2022,points in 12/2022,points in 01/2023,points in 02/2023,points in 03/2023,points in 04/2023,points in 05/2023
United States,0.47093485148832115,0.42777925699408015,0.4695714060361937,0.40247243953342465,0.4861274717420653,0.5074926443639901,0.4895253920804461,0.48884977091873644,0.5006989595052875,0.5174387268925053,0.5299764079025502,0.5165690518349706,0.5198804743971814,0.5227768720233128,0.5420509266663113,0.566662975605294,0.529946092225242,0.5321635362236972,0.53770382518917,0.4787877328968273,0.5389560269393767,0.5620691255236782,0.580670839351629,0.5621591054196537,0.5582293702566186,0.5417065862978173,0.5586223928674859,0.5634034713841888,0.5805254936037969,0.5587200148932516,0.5050815398324483,0.4852358461042181,0.518692916191219,0.5715752203583777,0.5457840546433883,0.5282324384550084,0.5155318032161091,0.5560659537142701,0.49376044844691375,0.4687213131591955,0.5000721324849889,0.5147297171522012,0.5302185045637868,0.5569207119922851,0.5326352446519987,0.49309137819253274,0.4552408368394196,0.44143478073476317,0.468187341563316,0.42955054593071396,0.415815574367409,0.3900624199743918,0.4334635450976259,0.43636085792421053,0.4473633384674562,0.4002556678020923,0.3975825761851681,0.3744994373178497,0.3542954979126658,0.4010331662973368,0.4542124268440149,0.39575616211073283,0.4379645571381367,0.43231679333332285,0.42564545099442846,0.38019237086244784,0.34101858963241916,0.34192821884327346,0.3393692383270366,0.3283596904970279,0.3943404319337791,0.40885959093428953,0.4735974560430807,0.37910564550407666,0.3551107311701685,0.352515487156071,0.3467773076585244,0.35723154343233215
United Kingdom,0.14748293746743504,0.17718336312138377,0.16969320111963432,0.25056657405154864,0.20559467400799428,0.17550770158210396,0.15212121731235384,0.15932802829354553,0.1514198266965617,0.14472542981142528,0.1468086472259224,0.17250251650260953,0.17674744706472334,0.1566892820005905,0.14841409456794072,0.12751333195319733,0.11641326751422312,0.1211035292909322,0.11358160221150226,0.11188195079678398,0.09894941565558421,0.10249012303123509,0.11831006259027443,0.16362939856619055,0.1752306647714293,0.1677956500039318,0.16326570498071358,0.15109636172234062,0.12518946492121244,0.13460739109710945,0.13843883435968954,0.16542047225391873,0.13568192432317921,0.09740710951168749,0.1124091643521527,0.1430373912351443,0.18329913632676434,0.12937630308020473,0.13015877361541503,0.1218023199830527,0.13042714038639797,0.11884550084889643,0.12367331776692847,0.11142329459298567,0.11861248856578883,0.12069900362634246,0.14444112823771427,0.13602003839255225,0.13463667831047404,0.13701063618098838,0.13580768807215604,0.13738156209987196,0.14702181760691418,0.15345248593632108,0.1346238429964667,0.13198574439209543,0.1253598386287849,0.12834282892859547,0.17603746481547844,0.1943009934414042,0.17933598325526276,0.1492154899145577,0.1555572946557451,0.16618118562513504,0.1655463105061787,0.16672194565012868,0.2096127641652008,0.17981758795095157,0.18095713579346068,0.19513014245938062,0.1778053769257608,0.15311332227749308,0.14449826727636667,0.13651190798201887,0.1310659425579266,0.12599382282339738,0.12654273417159298,0.13301538285585837
Puerto Rico,0.08259190316553822,0.0336076172376353,0.052837788758900765,0.04404713127872883,0.0479375678322789,0.05575897490349474,0.055347797411541,0.054801061007957556,0.059677178611036656,0.06111970706321922,0.057535829494936526,0.05943431014607343,0.05613582861395658,0.04865399180969742,0.05109547417239725,0.04932220879531781,0.04636300775867358,0.05277406889114275,0.051113628034472634,0.06684319483895816,0.0652864274515908,0.05816308267486875,0.052819772107205905,0.05477198516108383,0.06153863238317638,0.07424008267977475,0.06870623686328578,0.06651828125401187,0.0659752509891976,0.07358197146209042,0.08969878460432561,0.09325995791987443,0.10343654358791649,0.09204222257232647,0.0839594956044291,0.09204557512733447,0.08719282340029584,0.09686329835982428,0.11308192609044569,0.1650725074946879,0.10936777120570693,0.12141626094017285,0.1007250318403736,0.08387073999252258,0.07586378444305361,0.08344235574635168,0.08074909900802629,0.10154299601155092,0.09676575007376527,0.09729345460847685,0.09413643290787599,0.07609635083226632,0.06446305762694,0.07049190244088797,0.08473737257339659,0.09563268323515921,0.0952536675633481,0.0859813593503025,0.08641532896570524,0.07306668198228812,0.07054471482971707,0.07361880761966064,0.08311855445992243,0.08901099074405555,0.08709522945645974,0.2090263138591853,0.20170783473313017,0.18410276753180693,0.16405916211013447,0.13259757168878308,0.10376621672230954,0.09672526257598664,0.08321332296485813,0.08245746229246365,0.062373175376257535,0.06555653274209082,0.05645740006927492,0.061365585863704816
Canada,0.0723131077871814,0.11253186736797463,0.08519969624599671,0.1114086247295169,0.09093496042565583,0.07000784372827133,0.06198939605478419,0.05829756450446106,0.05053372900914666,0.04400187728960509,0.033377200725416875,0.027537016673698476,0.04056907219129207,0.028075535643221176,0.0377845300922224,0.03997579947586929,0.07876736747326582,0.07439242017691389,0.09102381477507715,0.14351900887455266,0.08147444466018483,0.06652867635360873,0.05632643235435725,0.04362455618407022,0.06304889966241084,0.043463050068445114,0.036030353694092895,0.029989472873392046,0.022553373553516172,0.027733866580217332,0.03664737624926709,0.04656899327071066,0.04575371089894511,0.040565842171162284,0.03749753305703572,0.04087137892614601,0.07284757678420893,0.058487134916851646,0.0892581837968437,0.10858470762692823,0.10418583981282034,0.09740163873920425,0.07172873328380386,0.06964116371875245,0.07268627734180669,0.07467413490922536,0.08265698762199095,0.08759502819763876,0.09702273873770975,0.0953196310394187,0.10172965637777485,0.14292093469910372,0.10922307712576744,0.07586745917792345,0.0597495045760778,0.057722286760915925,0.0610456112657987,0.1365666449716094,0.09449360323192228,0.08248100304557514,0.084680709050769,0.1326144659816492,0.0867828385593294,0.07781049364511362,0.08162174618662142,0.06266563762712837,0.08174483231342236,0.07680052720985063,0.07283730739750403,0.06803506641542022,0.06061605139416598,0.0960157545605787,0.08120692837076658,0.08453765601452916,0.08169959719517919,0.08662999805455916,0.07682389421156692,0.06528135186138244
Colombia,0.04522055738926005,0.030704278797019813,0.027578148788102233,0.02332076413874342,0.029581491383646134,0.03789308553089025,0.043787955357219334,0.05339924443372719,0.05330388769141139,0.04609143992424506,0.04571731210579531,0.05308408606937242,0.0528218838538223,0.0601820352516785,0.05659861044476429,0.05325720118049772,0.052491680028918845,0.049163253777715014,0.050831717877581346,0.053987129491438385,0.044610118794499797,0.04073752452670096,0.03649012999518536,0.03191660489312763,0.025139921821458487,0.03692184739226514,0.03735934943171219,0.04651353120907901,0.04253135084757568,0.04125334416089847,0.04384567224399342,0.04876929274254249,0.051659693434569574,0.0451579200490883,0.04482535648328656,0.045803931451612906,0.03356555486631356,0.04309814892391055,0.042483363762518885,0.04788896948843539,0.052829168718711496,0.04522580003273627,0.04359477817873063,0.03783963325304994,0.05030410989681126,0.060019532836887546,0.06447668653181472,0.07272040076785105,0.05907883841123897,0.0665403205617855,0.06565696036603777,0.0556354033290653,0.03926938684092646,0.033720993164749594,0.03309155888525154,0.037707060182813515,0.0386290993303975,0.03594753429796184,0.03581087496516005,0.021697130394967543,0.016717997762212992,0.0246828135814061,0.02385001999965218,0.02092641453194318,0.02401533686682716,0.026261237845267748,0.025150096210225535,0.03809794970392432,0.04912733807308694,0.053377185653806,0.050366666773364405,0.050437534549470066,0.039864473723644385,0.05795561394695828,0.0728439590877372,0.08987775878784565,0.08510373835957659,0.0870655343969934
Australia,0.020619099276719555,0.033390783614393287,0.029186797706437163,0.018621720592566036,0.0115347963046298,0.01292160039458406,0.017206143093302727,0.015826702033598584,0.012184846301131978,0.012686630281742696,0.011454204047569373,0.00901289977509277,0.009301404473745572,0.01831264361913809,0.013394459548305702,0.00778813949644294,0.008426924371587237,0.01545910310562196,0.019149991128121532,0.01639625760274742,0.0213791587301842,0.021837049901893196,0.021025517573423205,0.01968627333920389,0.0177377084549585,0.01928338845853253,0.02422752122750879,0.02250173312450253,0.020090744161827087,0.019906885079625937,0.02206527824246299,0.019526654758408403,0.023266040439931503,0.02505990928614665,0.023830267905994632,0.020943866723259763,0.015919899476706273,0.01747230929486408,0.02381176454483699,0.01871425178299749,0.020691244774540384,0.020920723664151538,0.025140628316705584,0.019877761713967546,0.01609455490828559,0.012523897878747178,0.013369661843190491,0.019010612656280564,0.032088683297957735,0.03696666645270205,0.03905669962096049,0.03149167733674776,0.030068377644857845,0.030234919947661146,0.026325228560438473,0.044048315224844224,0.05213434813984457,0.03753618959983841,0.032380479826520016,0.020380944176155172,0.02520204737141515,0.016486975867116817,0.020413558025077824,0.019805103149607543,0.025512413807756363,0.023957060986538506,0.01995887322547878,0.014240744236041575,0.013316755397030373,0.012389714336763983,0.014773902160309082,0.016901050304029542,0.017884042380353737,0.02062966111518992,0.01912118232227598,0.011886482723359921,0.012126425066250354,0.009973408817963178
Spain,0.02027690112581357,0.007574827529579454,0.008916353924773194,0.012222954891742743,0.015565026338777562,0.02302082869502968,0.02457922551799159,0.024887066956032475,0.025814155414568853,0.03228042593910086,0.03287807539841756,0.028448937421307385,0.02032126897732463,0.02710470236337728,0.03243598628214013,0.03132266777077546,0.023804983525876892,0.01724525298173088,0.02195748463175071,0.024774926580328344,0.02206114795635911,0.01345488412791006,0.009455946076071257,0.01133648088171155,0.009175825570474909,0.017288610507970287,0.017904131080199916,0.021623937658869746,0.026535038987486194,0.02405067557265997,0.02653232939243467,0.01924579961065452,0.0217109053646543,0.02341478785064553,0.023243015141815124,0.025989163306451613,0.01664201301076808,0.016319900873615466,0.008807067556214142,0.002455433087041091,0.0026680728355694405,0.003941190252293946,0.016236932180004247,0.02020349513566075,0.02021247572737631,0.023973323915123357,0.018591082827076937,0.019342154558203838,0.017805189901931858,0.02267008582120689,0.022003474232773594,0.01708706786171575,0.015034188822428922,0.00919750276179773,0.006910778249713133,0.009955597028452895,0.008563805618749499,0.006845164620598335,0.008032331474181682,0.016429194765248217,0.015167316301243149,0.012467172123528115,0.014326707361611103,0.02957517911805942,0.029581978854605392,0.017730202416754635,0.014946031431426471,0.019552831353630486,0.03860450900665198,0.042636896499810575,0.04478904256919615,0.03151658374792646,0.032010826959507736,0.04373720004636964,0.038822389308985385,0.027408206544720218,0.022678420200433216,0.010353405386860122
South Korea,0.017785416491547773,0.0006138304775601116,0.0005649530978872955,2.880885007874419e-05,0.00019191571591179818,0.000339095676358866,0.0,1.286070251587493e-05,0.0,0.007849126944246821,0.0037522669277311464,0.004538009986279662,0.008359126204598957,0.006405894963862536,0.004580912273219965,0.0020910665081115085,0.0010231035689235192,0.012766237434363406,0.012241533989244298,0.004499863591866866,0.006917777774211821,0.0011849048098849233,0.0019146204461563151,0.009508979136298132,0.007005609564180014,0.006074203172066047,0.0016701283333718292,0.002360579762240994,0.031438739399085265,0.01716094180558208,0.014514189554023659,0.009252171010292137,0.005525624421237785,0.004112803588752809,0.0062191030436059246,0.004816492466044143,0.0017798349000334016,0.00847293043979308,0.029398528790230263,0.010616137170442363,0.004123988279714853,0.01081741184475305,0.009396226915729144,0.01128995248784918,0.017675284451077623,0.028937781779411594,0.059016177740122785,0.053854008838907105,0.02318450199721437,0.02004313526628966,0.01617756242428979,0.01280729833546735,0.015520012647888066,0.02156430770406263,0.024689234085165847,0.02619885658801703,0.02747744277563521,0.02603887797011212,0.034291699975190895,0.02607165477312938,0.02379634086361812,0.025781112078002627,0.02646736578494287,0.03060975052004561,0.027937809201139478,0.023477090582055805,0.032858475996993944,0.034554958747748644,0.030923611877867335,0.06261032702294471,0.03666027547221751,0.028820342730778912,0.025490044528710214,0.04609754369694862,0.031380226691485776,0.036622521773663236,0.07020797390755279,0.05378606965170351
Brazil,0.011615660005019597,0.010663112295901367,0.008892508501810418,0.006161892933509174,0.005727691452471081,0.004689110918538258,0.005853583328336859,0.004698979181737803,0.0018071834740614602,0.0001310122604258396,0.000572950938066732,0.004009793596954284,0.01156287231969745,0.015480377934965404,0.014300691223768147,0.011588327901053878,0.009188033833719968,0.004209408018898204,0.002903674615980326,0.0027955643284707844,0.002710305418845689,0.002169287267327783,0.000670839351628952,0.0017097588924875084,0.0026175850953118257,0.0053440149439841315,0.002556717735874534,0.0030313631345161374,0.001968445177060566,0.004045893041417042,0.0013449186257979244,0.0018761123869959252,0.0020221570638279435,0.0014295309248003715,0.0039455042270967414,0.004164898132427844,0.00397798667112023,0.0086703485955223,0.005715097267875507,0.001039948130982109,0.001576965361483243,0.000887409694429378,0.001981731585650605,0.0033215181423888293,0.007459117680098856,0.01053413520768977,0.010024037150073332,0.002743509238415097,0.004059469080456488,0.011969715448459133,0.014076326549461636,0.01563380281690141,0.02463538510184185,0.026533951806231634,0.015201115332741476,0.0263738203736659,0.02923516898855277,0.02937168762964934,0.02520727856339952,0.02310265773893566,0.022383293851918562,0.035578309620188694,0.030103824281316846,0.030204438248230898,0.031077421432061964,0.01887989896702715,0.01046337817638266,0.021478682871118305,0.015475407527599223,0.012073726162331893,0.01628154118479301,0.0228092868988039,0.021893676860055555,0.03082615247884385,0.0328686592149857,0.02496273918069608,0.019834502554719725,0.024306055927211866
France,0.009659520061753694,0.02830954275209699,0.027040709639787372,0.021428982983572552,0.013604508033988934,0.007910519843947484,0.016133757034321492,0.021704043083353428,0.020914216563494573,0.01839975986613532,0.01909996950681282,0.016763395600854446,0.01906276850937966,0.0109487528402891,0.007704746166284628,0.010957637849106201,0.015165810763978133,0.010193732266885776,0.008997908889953882,0.006937557171055799,0.010863687202833225,0.014530413109190222,0.009285828919916547,0.0039684316486155264,0.00811768662588522,0.004849733681897912,0.004663922207554311,0.005693634939789971,0.006377961374031117,0.0044984681456136325,0.004086101292910689,0.0020173424041521624,0.0013769926672733137,0.0025290425293742072,0.003395155325147094,0.004443442275042445,0.010033242671501965,0.004831127225568701,0.0048646771055599,0.006652137350186485,0.005319563490681644,0.0028114679649914468,0.0045190113563999155,0.009160650760820207,0.01147433119894725,0.013764183277039632,0.00858148722244152,0.005430656353503238,0.009706874288125538,0.004579912574058502,0.009079896696636957,0.0055345710627400764,0.008534030723828094,0.011001028312008328,0.013107431926886627,0.011342697311074576,0.004562541565193877,0.0011894876225957763,0.000214399696165002,0.004342616833463356,0.007808985406028618,0.004855635458637266,0.0027495173996973966,0.0013815313233839948,0.0009250497255086547,0.0005485376051230861,0.0016219474931661836,0.006542136799439519,0.01040921579640502,0.013546131791884563,0.011473741153423877,0.010937810945273433,0.017595386554316982,0.012281515256900705,0.020043867711543917,0.021399849188140207,0.020974721284469658,0.019247155029592424
Sweden,0.00934686991370076,0.03263824339255336,0.02033280873402815,0.00655081240957222,0.0031285570585276755,0.0025877452877689218,0.011510162827947134,0.012854272164616992,0.022650781855621128,0.025731471300852245,0.025294901218122584,0.02299568457176268,0.016512228855435348,0.018161803407063172,0.012582404890097197,0.006903889576282202,0.031112629276680702,0.025428162432116676,0.011727462526677822,0.007370853593953107,0.0028868202773850767,0.006415058068621732,0.009459155833734552,0.013474094084831238,0.009551805975074244,0.012480601867677054,0.010434748619034843,0.002439212262818702,0.0052983844487856,0.008581273340919049,0.02083464457378336,0.013275621612686308,0.0077467874183313355,0.0029585651622318593,0.0003866882955389649,0.0,0.0003451511825802039,0.0008667138544209629,0.0012747746899901954,0.0009388420626921818,0.005982850708971125,0.005197685353086357,0.008499058055614519,0.009982205006667105,0.010281963635196508,0.005438684634223586,0.004258651288025391,0.0036121490214540766,0.0029458515366970295,0.0035833723818754853,0.005111882373419633,0.005131241997439181,0.007440515401438697,0.011386247361567873,0.014878136264706503,0.015730978205186808,0.013326017335142418,0.00806190465503256,0.012629673530519797,0.02530587370036582,0.013855201218936323,0.01239686852132777,0.015424079581224675,0.010801493189334451,0.009185122716181342,0.002948389627536588,0.0013213421532922065,0.0006510145910444705,0.004490124446535355,0.008058525642192197,0.0064322730779202905,0.0021252072968490493,0.0006798396777149816,0.00041217460746808865,0.0,7.556671013092335e-05,4.640425062935765e-05,0.005831188883171095
Mexico,0.00923149956527671,6.855768970151895e-05,3.668526609657763e-06,3.2009833420826876e-06,1.6544458268258463e-06,0.0,0.0,4.662004662004662e-05,0.0004140793395274039,0.0005306825738768187,0.001874528559277151,0.0020663559381156296,0.0011610784774060837,0.0020379475461185926,0.004500950654796809,0.015601955941565684,0.016528843395509953,0.016200523808912456,0.015304404929116179,0.015621138446231123,0.015727473895859444,0.014114453518587262,0.007698603755416466,0.0036798787414449867,0.0018116861689976395,0.0016369054783374817,0.0035037160355417523,0.007842388373944078,0.005039683987436444,0.00221312435704645,0.0003527926937130023,0.0,3.851727740624654e-05,0.0009485982470833091,0.002103520147102004,0.002803679435483871,0.0018800400820728157,0.002439638997629377,0.0013141301502180805,0.002153719740398133,0.0,0.0009467843032790832,0.0,1.9255177637036693e-05,0.00016048015662863287,0.0006284333769422985,0.00020218163613082115,0.0012747786128949907,0.0,0.0,7.992866810419856e-05,3.0409731113956465e-05,0.0025987457511001026,0.00988516651968915,0.007504800053234741,0.007644814057630864,0.0125289089362612,0.012321296317077002,0.013084507171669837,0.005772074835955336,0.0034033722275431835,0.005799266030393028,0.008257247700039999,0.014816765734238162,0.011840963359205307,0.004283058160932004,0.0024147527851415074,0.003186292543883502,0.006023103498488624,0.005658008149517001,0.010111744540010051,0.00889552238805954,0.00991524875665052,0.03628263585661476,0.04918073747012873,0.07947527762726961,0.10502773482622436,0.10870360839479161
Germany,0.009167740222914411,0.010790661486043728,0.00772408277663442,0.005897811807787352,0.0050592953384334385,0.0058708079725161245,0.01297484346761,0.01629611767542802,0.014203884320998155,0.009636863864994353,0.015838803383138873,0.0148398906359526,0.007942287851637487,0.005301872986122701,0.003697780620857544,0.0026623786162371394,0.0010977221436424146,0.0018246652373188174,0.0012088970845514893,0.001118546691701571,0.006287138325066554,0.004141366601262131,0.012014122933718504,0.010978277272810191,0.012234434093966545,0.0150113861219302,0.018195515172405217,0.026516804888694893,0.016628137986846078,0.013471331293000653,0.02084789500359418,0.016945997172189885,0.01317451375949491,0.02323899866499722,0.025651393281250753,0.013252400785229202,0.009250687916527493,0.005200283126525778,0.00527534277750305,0.003986467835431418,0.012101675297691595,0.016705126435822466,0.013683068881341541,0.013499484121699141,0.009959398520372956,0.007030494771069514,0.006787526355820424,0.005347770878022419,0.0065785925270234686,0.014431378338650354,0.014021264578100967,0.01293854033290653,0.009474388026665965,0.011036048225604651,0.011094899040638557,0.011815572407422878,0.011566718916309907,0.0014588055748816122,0.0025498249579623453,0.00481644387223581,0.0005437216145228118,0.0011873497260502968,0.002187788038468896,0.004284955029262915,0.0072908954514030195,0.00477259608178313,0.00013378589302083592,0.0017818925170111552,0.00040964784686851424,0.0037190650058813507,0.01135050526713379,0.00963640132669966,0.00957454024067271,0.011051431662738127,0.009150112167846645,0.006823513144588057,0.005237051142456078,0.0041010464916628984
Argentina,0.008142860310101108,0.0,0.0,0.0,0.0,0.0,0.0,0.0,0.0,0.0,0.0,0.0,0.0,0.0,1.7769248538479307e-06,0.0012324935366305745,0.0024906022050617924,0.003217637467743385,0.002739503406967161,0.0021889493364145524,0.005937317969052131,0.006232765020947128,0.004983148772267694,0.01134145593183518,0.012299477117547022,0.012182107339274337,0.010114936810516834,0.010600944873802861,0.015818869876984613,0.01833089659621795,0.01684129628954839,0.01245391969468638,0.013574130512584718,0.010107878174777568,0.004232712546189997,0.00028517614601018674,9.543350670420385e-06,0.0,9.239977618720879e-05,0.0010945133106941333,0.0,0.0,0.0,0.0014345107339592336,0.007966234975045335,0.011741257894797932,0.006278863033173834,0.0006365604516926872,0.003683504183204363,0.006337096970902952,0.0030852465888220647,0.009234955185659411,0.005711311954889199,0.010625360147975053,0.014699605121571594,0.03009849988256935,0.027523036747168852,0.01910394069875184,0.016810467605737334,0.01669562276348054,0.016085665778463366,0.029144748867721428,0.017154484269838784,0.011828179138561599,0.022281277222366593,0.012016800558742956,0.0038996110299036246,0.012329288618601423,0.013928026793529485,0.007408351021502085,0.00480940049742485,0.00899668325041443,0.00574156943592235,0.01038647809678375,0.014170448724927318,0.021946501984831994,0.022822604836317293,0.01757076685531189
Netherlands,0.007520766609743941,0.01280274996053947,0.013193855951634146,0.007831205746405296,0.007039666993143977,0.0068658311440540085,0.00981935605444158,0.008806366047745358,0.007684542161462053,0.0057761481400404975,0.005378035275802853,0.004556281622388402,0.005431675242995998,0.00546715534616224,0.004396112088419781,0.007670988418091336,0.006287858562978906,0.005724345559820775,0.010357710823194241,0.012660279556432848,0.020565585700370842,0.025678461579254387,0.013118279569892474,0.0026069262647821175,0.0005615909840850826,0.0006050131032678732,0.0014444833351396778,0.003994210080365625,0.0009867100929663323,0.01092760242721485,0.01517836734829086,0.0206821730805958,0.017878436262732767,0.011832602260383586,0.00724278409154725,0.009631326931239389,0.0010147762879547009,0.0012872305763807635,0.0003182658957559414,0.00017171983027019393,0.0014492825719625176,0.0014057339824957234,3.814211420080662e-05,9.94850844580229e-05,0.0003145411069921204,0.0,7.702157566888425e-05,0.004439346066752646,0.006213732078213389,0.008777898311177297,0.015474190144972842,0.02823783610755442,0.025684435192748545,0.017946113903860788,0.015168655124898765,0.013691310289604472,0.014456433387993692,0.01284550447420479,0.012462748052791331,0.009071314957778341,0.008214023927944696,0.012282820455536097,0.010458948540025392,0.006906079526368165,0.0049488525951240404,0.004058221526273995,0.005321705522384362,0.005427254317970242,0.0037156339860495704,0.001765232367115392,0.0004017169799845715,0.0006053067993366391,0.00045270066706310836,0.003337648286255265,0.0035747366241850654,0.0032027422676765807,0.0017385021039355777,7.548464573684264e-05
Cuba,0.007075840855749149,0.0024903979375295953,0.0029494953941648417,0.0021574627725637315,0.0021673240331418586,0.004260959812024538,0.008548253089962227,0.00828068483240897,0.01520698349620989,0.014333404643804198,0.009048452069524466,0.00889330361147193,0.01698496507182077,0.034718923706946354,0.027416173570019724,0.022358203062939015,0.016023095277970772,0.015094811980845026,0.011933091111704413,0.00861136520469244,0.007229085797454014,0.005926181258948932,0.006363344567485155,0.005248677880429645,0.0037455263091098305,0.004684438324771676,0.0031874576915628316,0.002904588286645955,0.0017992948754091945,0.0010929207303470867,0.003324201578788712,0.007053476425018897,0.007056686198136085,0.018041608968565246,0.020545824167537117,0.01683865662139219,0.017500914571105915,0.016510898926719343,0.013226856850502296,0.011649665868517175,0.010506469537705392,0.0068457319284552015,0.004174073975801316,0.003615159601353639,0.003490443406672765,0.0032864246783631547,0.003246138491211517,0.00266891231048236,0.0019924553204585184,0.0027617482620724185,0.0027992795762714876,0.0025512163892445583,0.0026036863323759584,0.001975441489683452,0.001926513335464887,0.004326807131586953,0.009268153868648484,0.008013812163552946,0.008003234372559289,0.003516211425772681,0.00026504462502081216,0.00023746994521005936,0.0002121702231265543,0.004502593525412449,0.006385458087565926,0.004638650852625167,0.0045090800981096545,0.004408344503485408,0.004157285570954687,0.0036049122098823234,0.002719191828660506,0.0008839137645107633,0.00022556165641123517,0.0021349356621198656,0.0033694971275393926,0.0036995531917288216,0.0034372291359031346,0.0027509006690687996
Italy,0.006096983361151413,0.0,0.0,0.0,0.0,0.0,0.0,0.0,0.0,0.0,0.0,4.817067701394956e-05,0.0,0.002538608675558751,1.0661549123087584e-05,0.0,3.1505620436866885e-05,0.0010928733743307956,0.0,0.00333959205944185,0.004738621611516471,0.005248382563504269,0.004740812068688814,0.007028087474647973,0.004131025204964845,0.004297679285282133,0.007540451751946855,0.003414897167946183,0.0038556318758768454,0.00858929772219913,0.008818161039098707,0.009430313418296027,0.006040793006546332,0.004792742891732104,0.0054264722635385025,0.011297617784380305,0.004749407516979212,0.005006075022109228,0.004813343896567006,0.0033220565295261815,0.0035071311667056347,0.002756907513616042,0.0028573418594778177,0.0014633935004147887,0.003281819203055542,0.008058538817782509,0.008069614667475394,0.01427287887779697,0.008724923775893194,0.011693701095712791,0.008854320233320664,0.010091229193341869,0.007414165634634134,0.014754526323832324,0.03487200128542423,0.029832113578293143,0.022833146502863774,0.017334137012302058,0.01955784656945172,0.01503164430745472,0.011825551874784361,0.013468607879315274,0.016846663536286326,0.007437559042327534,0.00593437376912001,0.007406852255223067,0.006534036948029962,0.004237193247363151,0.0007968930771114066,0.0001621300580855749,0.004774190244199111,0.0010841625207296652,6.782623234743435e-05,0.0007100351636461996,0.009460648449727924,0.0024824468179179926,0.002144539296942457,0.0010030308229440283
Norway,0.00562148370555306,0.026241651506913963,0.02141869261048685,0.02067515140651208,0.017141713211742595,0.02321092778632177,0.021053713522171495,0.013963507756611204,0.011451380184217158,0.008782796597661348,0.011240751737309217,0.013801729493410584,0.00959686460898646,0.010459324492599202,0.011535796151180767,0.010702473171600653,0.008453455420376177,0.006205787574944474,0.005591770876690839,0.00663104007189511,0.009843110384369127,0.007258577716497852,0.005333012357567004,0.005586981288836485,0.0028127141660532528,0.0023959802736841767,0.0029102874575138897,0.0014763653169692146,0.004011515487202619,0.007295767459850009,0.006164762469482604,0.00618683768337835,0.004657380793038644,0.003955256677086874,0.0038668829553896488,0.0038134019524617997,0.004687375737621479,0.006153668366388837,0.005099098759960782,0.0020911302695519876,0.005699295423152372,0.004766015899557418,0.005721317130120993,0.004536198931658561,0.0038370805449906118,0.0011308484513842946,0.0002647616663617896,0.0,5.234954265535917e-05,1.4442611480913286e-05,0.00045115292663258747,0.000987516005121639,0.008422044214908699,0.008481186347327503,0.005831476338942998,0.0032659906654455982,0.0035673352210285687,0.005843237714773052,0.00675665328199992,0.001992626166420181,0.00013134258866016508,7.96774158270594e-05,8.347680909897219e-05,0.0,0.0,0.0,0.0,5.9183144640406415e-05,0.0,0.0002034897667808746,0.0038795297190541886,0.0003001658374792649,0.00011987892228848863,6.440228241688885e-05,0.0,0.0,0.00011766792123872832,0.0054434722937045845
Panama,0.0037998038489664367,0.0,0.0,0.0,0.0,0.0,0.0,0.0,0.0,0.0,0.0,0.0,0.0,0.0,0.0,0.0,0.0,0.0,0.0,0.0,0.0,0.0,0.0,0.0,0.0,0.0,0.0,0.0009612422009397387,0.002041411973851353,0.006830353345605287,0.007763095565412403,0.007934559145686786,0.011237415683272427,0.008645179479100158,0.008505537986108102,0.00602683308573854,0.0041386330740723065,0.006383187035244759,0.009263933116250896,0.007507526785083806,0.006709150212998108,0.00774758409530748,0.010676475270643176,0.009292227808006624,0.008582478776499286,0.00847473084314535,0.004817057711624802,0.004538808637329629,0.008161769604903724,0.010783816572415254,0.011996404986127935,0.016301216389244557,0.015893849964427813,0.016970331765926897,0.016272302191550934,0.011906994926050216,0.007796569132252389,0.007548918079250014,0.005661683405157231,0.0023164877451097698,0.0015621041839234927,0.0021762870636685043,0.002286916749273926,0.0017347996069890345,0.001148957521258983,0.0019406112367290574,0.00010901072764660705,0.0,0.0,0.0,0.00018725452851870464,0.00010337202874129167,0.0,0.0,1.6062221476617868e-05,0.0,0.0,0.0
Venezuela,0.00377130621306248,0.0013344834018644504,0.00250927220100591,0.006818094518636125,0.007990973343568838,0.008403749918651289,0.008433476946269346,0.008672936259143156,0.008820852907141906,0.008424585860294495,0.008329454813911313,0.008179048745403022,0.007808132979420004,0.008681335609843768,0.011708157862004015,0.011381307502322961,0.009343903745354994,0.0061672722137345775,0.0046448844085441995,0.0024617656026832283,0.001192277635406955,0.004068449382192289,0.006440378751404269,0.005915334596996065,0.0034234840216260123,0.006449728546508176,0.007103375613638907,0.006369232546794361,0.006369669692577618,0.005992607939964789,0.004591273929448086,0.0024843643927029016,0.0013769926672733137,0.0005870695445235864,1.1231610243870349e-05,0.0,0.0,0.0,0.0,0.0,0.0009783486469769856,8.344539622120733e-05,0.0,0.0,0.0,0.002633119268032639,0.008095288526031688,0.0083631444760146,0.006066201548911923,0.00553472966640777,0.0034706803883467552,0.0030617797695262484,0.0019400015809860082,0.00019101771052539422,0.0,0.0,0.0,0.0,0.0021271512712370557,0.002335632271928859,3.9324128341366795e-05,0.0,0.0,0.002390869276541251,0.008670298222302851,0.006918908920433345,0.0059097027805993935,0.009186183774860919,0.008551398803380236,0.0022830559199805444,0.00015364474134868075,1.4096185737976527e-05,0.0,0.0,0.0,0.0,0.0,0.0
Dominican Republic,0.0035030857798334547,0.0,0.0,0.0,0.0,0.0,0.0,0.0007732497387669801,0.002137804962211248,0.002764524533289552,0.005135694682951098,0.005566204781853276,0.005505141006353191,0.005959793060066498,0.00652664498818345,0.006501082443867783,0.00584677987686277,0.008508685213952831,0.007895142687996763,0.007366039189254249,0.008731066775570985,0.00760162008803097,0.006876905793612582,0.007857262495252973,0.004787801101606722,0.005064778127091267,0.003786216466399328,0.0053036819267209285,0.005059584022924841,0.00402502965008883,0.0029664399738966534,0.001982034899863103,0.002339924602429477,0.001960215258832992,0.0019831814659176787,0.0019332289898132428,0.0012088244182532487,0.0015344045274563714,0.0013004412944866422,0.0003723271086232242,0.0008904630905536292,0.0008890144135874781,0.0013100987051581404,0.0012676325277715822,0.0007478375298894292,0.0,0.0015596869072949059,0.002547899516280365,0.004432261278153743,0.005987264826143052,0.007094113342403757,0.008945262483994878,0.006646728676451214,0.005649348788788534,0.007618410780684229,0.009468535679214145,0.011445659060858518,0.0061462204110946175,0.0061410198687261285,0.0049456694282646605,0.003199411081853602,0.0035026816918483756,0.0032086398497417437,0.0029381196980187013,0.00197594543840983,0.0004225653062721448,0.0,0.0,0.0,0.0004847357859089127,0.0,0.0,0.0,0.0,0.003931674879221018,0.003953585961956181,0.002727907019140096,0.0015645908389091022
Nigeria,0.0032777588619234007,0.0029926228737151414,0.002799085803168873,0.002359124723114941,0.0022318474203880667,0.0020945152130651167,0.0020180044368688383,0.0018728398038742866,0.0016370578539455503,0.001393041756426649,0.0012758991477956636,0.0009434808463421846,0.0005589786342395176,0.0009916941602372365,0.0010928087851164775,0.0012613801038953536,0.001238668340333661,0.0010944781810478747,0.0008805546665251588,0.0008649880442283312,0.0006194066854200332,0.00023200933340404093,6.740491092922484e-05,3.316700082419997e-06,2.538264334847831e-05,2.5676948679803635e-05,0.0,0.0,0.0,0.0,0.00013747320928722627,0.0003899874337382462,9.629319351561634e-06,0.0,0.0008343481895446544,0.00015751008064516129,0.0018530005885066248,0.003089674388445099,0.002455438496826752,0.000258382174518703,0.0,0.0,0.0,0.0,0.0,5.306033789486426e-05,0.0,0.0,0.0,0.0,0.0,0.0,1.9762325103422835e-05,0.0003613418357438707,0.0004917721488170688,0.0003184025648745226,0.00038990706690836713,0.009698652448388741,0.017873277528155273,0.017346536675329566,0.015652313884094316,0.016408860753560878,0.01257717257091181,0.009369494968292594,0.006447563899525871,0.005781969058652065,0.0040697338321399965,0.0072971217797171365,0.011060491865449884,0.016029368701950358,0.011592175641546819,0.007746821448358069,0.00732523309352291,0.00998718394579904,0.007402899409445657,0.005056538369399019,0.005245337615782749,0.0049951392462950234
Jamaica,0.0030024807397133267,0.003129738253118179,0.007390246855155564,0.0071702026862652205,0.005175106546311248,0.0036649734717574406,0.0025062313167564603,0.0012056908608632747,0.0014974264487560768,0.0018076375172679134,0.001264664815676708,0.0003355336812695797,3.673288167859687e-05,3.851239457231986e-05,8.884624269239653e-06,0.001876022062918153,0.002570195351428614,0.002229076530022724,0.0015538224529831899,0.0014395070049588368,0.00016849145587850644,0.002954804581852893,0.0038099823463328517,0.0007429408184620793,0.0,0.0,0.0,0.0005407990345854623,0.0029418885797013006,0.0033124645924176017,0.0068570974270977915,0.00428183733832774,0.001046386036203031,0.0008092936093997463,0.004266407376921608,0.0006151183149405772,0.00032129280590415297,0.0005424986718412693,0.004274345202141622,0.0,0.0034391442268309627,0.00016368135412621438,0.002683214816387179,0.0059514544879807575,0.00396065026559466,0.007799869670545046,0.0011007666856011373,0.0003116493878078781,0.0,3.2094692179807303e-06,0.0,0.0,9.881162551711418e-05,0.0,0.0,0.0,0.0,0.0012776571903084012,0.0023798366274315223,0.0023101062361700737,0.002682298794164629,0.004001056116335277,0.00319646614841481,0.00247130089468347,0.0005524148537489847,5.421592608774688e-05,0.009427776263739893,0.010908893147231669,0.010079577294628012,0.009195090437139033,0.008509678018238912,0.019567164179104122,0.010360062652510438,0.009679663047258395,0.006146476751719104,0.004321772698551531,0.0030858826668522838,0.003964659461314622
Russia,0.002401577763764342,0.002804487818255159,0.00411608685603601,0.011486728723063725,0.011496744050612807,0.01129633879425798,0.010675894440209338,0.015215818664094527,0.014632408288648608,0.009628571949777528,0.004710394967019211,0.0030065146688016795,0.0020969684193042474,0.0016399861355379539,0.0036640190486344334,0.003329979281912034,0.0031306637570949827,0.0030876481236599865,0.002752769767291457,0.003774493283905445,0.006476490627863352,0.005689200296971946,0.005644358850906757,0.0030662892261972873,0.0010057872426834532,0.0014972870698910495,0.002709516711055361,0.00308271497162811,0.000854043189710355,0.0007189845626952933,0.0006509273644563846,0.00043171448426167994,0.00023912809723044726,0.0002205656763323079,0.005972007618240777,0.0052094386672325976,1.1133909115490449e-05,1.1235179594345816e-05,0.0,0.0,0.0014028524666822538,0.0012468667858438094,6.633411165357674e-06,5.134714036543118e-05,0.0,0.0,0.0,0.0,0.0,0.0,0.0,0.0,0.0,0.0,0.0,0.0,0.0,0.0,0.0,0.0,0.0,0.0,0.0,0.0,0.0,0.0,0.0,0.0,0.0,0.0,0.0,3.3167495854062416e-05,0.0009337937104577008,0.004773819184151887,0.004873991872515933,0.0037333170409362556,0.002277122870169193,0.001130554125922257
Ireland,0.002302667704727877,0.004044903692389618,0.0025367861505783433,0.0001056324502887287,0.0,0.007573136772014674,0.010323000625273021,0.01006993006993007,0.008766284312010387,0.012845835053905741,0.01537338105249643,0.012104128393125878,0.004494188219285721,0.004647162278393263,0.00023633100556177478,0.0,0.0,0.0,0.0,0.0001957857910869321,0.0,0.000255210266744445,0.00014925373134328358,0.0,0.0,1.2838474339901818e-05,7.284602305132447e-05,0.001569440521734665,0.0,0.0,0.0,0.0,1.2839092468748846e-05,8.291942719259695e-06,0.009631908041993386,0.008210420203735145,0.0017734726662531216,0.0018345443251910382,0.0016221294041754433,0.002291737547905018,0.0,0.0,0.0,0.0,0.0,0.0005306033789486426,0.0007926803829256003,0.0,0.0,0.0014731463710531553,0.003863218958369597,0.004185339308578746,0.004301599430845037,0.004576465981337569,0.00435291387170752,0.003083145628190922,0.0023928974025586077,0.0014780425714734577,0.002454876521089273,0.00197667239407094,0.0013165718168689602,0.002079424322859138,0.0015860593728804716,0.0020927991622494988,0.0022243686862496097,0.0005852130845353854,0.0001701228022363716,0.0,0.0002560299042928214,0.0004979708926914086,0.0004353267671545954,0.0,0.0,0.00031235106972191096,0.002830520362435104,0.005993887135491111,0.0007921868500297485,0.00029164522216507387
Denmark,0.0017764399163451433,0.01837824393463742,0.0169761068861913,0.012546254209293095,0.01098221139846997,0.010130055180114608,0.010062612955999624,0.006711679125472229,0.0046624049663841404,0.0028026673432869484,0.001110593975188175,0.0,7.825700879353246e-05,0.0,0.0,0.0,0.0,0.0,0.0,1.12336109640043e-05,0.0,0.0035447711725088826,0.0068785106724442305,0.007114321676790894,0.005593700027920908,0.006807601018732939,0.005774379876019622,0.004995570904049092,0.0029999303498757907,0.0008618185494807422,4.968911179056371e-06,0.0,0.0,0.0,0.0,1.9896010186757217e-05,7.95279222535032e-06,0.0,0.0,0.0,0.0,0.0,0.0,0.0,9.628809397717973e-05,0.0,0.0,0.0,0.0,0.0,0.0,0.0,0.0,0.0,0.0,0.0,0.0,0.0,0.0,0.0,0.0,0.0,0.0,0.0,0.0,0.0,0.0,0.0,0.0,0.0,0.0,0.0,0.0,0.0,0.0,0.0,0.0,0.0
New Zealand,0.0017405670093295618,0.0,0.0,0.009095594166527957,0.007789130952696085,0.005427243426167911,0.014655371780486343,0.0034032634032634033,0.0,0.003646784312359763,0.0070310870018777385,0.0036809041469969737,0.00024914476268961353,0.0,0.0,0.0,0.0,0.0,0.0,0.0,0.0,0.0,0.0,0.0,0.0,0.0,0.0,0.0,0.0,0.0,0.0,0.0,0.0,0.0,0.0,0.0,0.0,0.0,0.0,0.003673520481200691,0.004661250926529333,0.0046264053328027065,0.007283485459562726,0.009131767994364652,0.008259913661675734,0.0068646812151480635,0.0075079990115564455,0.004068019136598579,0.0028316343527217003,0.0034084563094955358,0.003090575166695678,0.002596030729833547,0.0019235329767331559,0.0010903927642491253,0.005044316298757261,0.0008858526804924837,0.0026428781430361497,0.0,0.0,0.0,0.0,0.0,0.0,0.0,0.0,0.0,0.0,0.0,0.0,0.0,0.0,0.0,0.0,0.0,0.0,0.0,0.0,0.0
Kosovo,0.0016845010247086352,0.0,0.0,0.0,0.0,0.0,0.0,0.0,0.0,0.0,0.0,0.0,0.0,0.0,0.0,0.0,0.0,0.0,0.0,0.0,0.0,0.00011269024765339132,0.0,0.0,0.0,0.0,0.0,0.0,0.0,0.0,0.0,0.0,0.0,0.004665046973855505,0.008856926935166333,0.00929143675721562,0.008377471330184027,0.008635038031082927,0.008167113550769399,0.007135199676460581,0.007589663995277395,0.007076811487221621,0.009628396306516664,0.009074002461453541,0.009193908173254377,0.006761876810476764,0.004013145015580823,0.0026208387347034855,0.0018861698853703652,0.0031645366489290003,0.0026483032031857793,0.002399167733674776,0.003316776896524466,0.002814327601740808,0.0016197643713512697,0.0005674501156179611,0.0,0.0,0.0,0.0,0.0,0.0,0.0,0.0,0.0,0.0,0.0,0.0,0.0,0.0,0.0,0.0,0.0,0.0,0.0,0.0,0.0,0.0
Barbados,0.001296329896491301,0.014127667173143243,0.010242526294164474,0.008557828965058066,0.00438924477856897,0.0022931773264874824,0.0007725976239625179,0.0001478980789325617,9.629752082032648e-06,0.0,0.0,0.0016826515798321004,4.791245436338722e-06,0.0,0.0,0.0011426242162512618,0.002218658954975152,0.0,0.0,0.0,0.0,0.0,0.00014122933718504254,0.0,0.0,0.0,0.0,0.0,0.0,0.0,0.0,0.0,0.0,0.0,0.00011873416543520084,0.0,0.0,0.0,0.0,0.0007109521944831394,0.003820534377347415,0.0025450845847468234,0.0007810841647208661,0.0,0.0,0.0,0.00011713697966309479,0.0,0.0,0.0,0.0,0.0,0.0,0.0,0.0,0.0,0.0,0.0,0.000214399696165002,0.0,0.0,0.0,0.0,0.0,0.0,0.0016822882947815576,0.0010669837887834568,1.5995444497407139e-06,0.0,0.0,0.0016564823676654642,0.008701492537313275,0.0041058530883807355,0.004487229027396731,0.0216947071410852,0.002927808066987477,0.0013523524469127087,0.0007454108766513211
Morocco,0.0011995493278004158,0.0,0.0,0.0,0.0019456282923471953,0.004495586618394057,0.0048428680331309044,0.005303432199983924,0.004883889264270891,0.004834186571409145,0.004638174260540211,0.0044283801696272255,0.0042338638839113174,0.0037340975904078463,0.003109618494233879,0.0027313854158141117,0.0022766956242009596,0.001638507658137654,0.00127522888617297,0.0011891579606181696,0.00046375267379893673,0.0030111497056795884,0.0080725405231905,0.006852302370279714,0.003577366296926162,0.005074406982846193,0.003542804145471731,0.0005311705651269674,6.633345162798874e-05,0.0,0.0,5.4566142992182594e-05,0.0,0.0005008333402432856,0.003252353423475028,0.0,0.00015269361072672616,0.0006516404164720573,0.0,0.0,0.0,0.0,0.0,0.0,0.0,0.0,0.0,0.0,0.0,0.0,0.0,0.0,0.0,0.0,0.0,0.0,0.0,0.0014059038342540374,6.891418805303636e-05,0.0,0.0,0.0,0.0,0.0,0.0,0.0,0.0,0.0,0.0,0.0,0.0,0.0,0.0,0.0,0.0,0.0,0.0,0.0
Philippines,0.001040663921269754,0.0029926228737151414,0.002799085803168873,0.0023287153813651555,0.0022318474203880667,0.0020945152130651167,0.0020180044368688383,0.0018728398038742866,0.0016370578539455503,0.001393041756426649,0.0012758991477956636,0.0009434808463421846,0.0005589786342395176,0.0009916941602372365,0.0010928087851164775,0.0012613801038953536,0.001238668340333661,0.0010944781810478747,0.0008805546665251588,0.0008649880442283312,0.0006194066854200332,0.00023200933340404093,6.740491092922484e-05,3.316700082419997e-06,2.538264334847831e-05,2.5676948679803635e-05,0.0,0.0,0.0,0.0,0.0,0.0,0.0,0.0,0.0,0.0,2.385837667605096e-05,2.407538484502675e-05,0.0,0.0,0.0,0.0,0.0,0.0,0.0,0.0,0.0,0.0,0.0,0.0,0.0,0.0,1.9762325103422835e-05,0.005117682827826186,0.009135925497330959,0.008084587897234784,0.005158407606961099,0.00047771874869749503,7.65713200589293e-06,0.0,2.097286844348574e-06,0.00011404806579167325,0.0005408601589537574,0.0007317700160390109,0.0007632477417182716,0.0004927270929739349,0.0020513836929861506,0.003706144490049234,0.004088477534175992,0.0038663055688366176,0.00271439043049336,0.0008383084577114275,0.00019716928007975103,0.00022218787433826655,0.0,1.286241874568908e-05,0.0004557560329669055,0.0003854291759564737
Belgium,0.0009337444358589137,0.0,0.0,0.0,0.0,0.00017811086030970739,0.0,0.0001511132545615304,0.001893851242799754,0.000825874755595799,6.4196183536888736e-06,0.0,1.5970818121129074e-06,0.0,0.0,0.0,0.0,0.0,0.0003515585485938487,0.0,0.0,0.0,0.0,0.0,0.0,0.0,0.0,0.0,0.0,0.0,0.00033954226390218534,0.0010110785319139717,0.0023639979008083815,0.002149271552832113,0.001391115154490799,2.487001273344652e-05,0.0,0.00017013271957152235,0.0,0.0,0.0,0.0,0.0,0.0,0.0,0.0020776438556957787,0.0002150185654089685,0.002320793313462922,0.0002125708701763069,0.00010109828036639301,3.552385249075492e-05,1.7605633802816902e-05,0.0017967247239861928,0.0,0.0,0.0,4.0877353788780425e-05,0.002649896280526709,0.004286462496898862,0.0039038880938592336,0.003536812103022529,0.0057039655918547805,0.004325142171440497,0.004876363986190995,0.004349041200668782,0.003879627887396711,0.004000363369092155,0.003856501668324861,0.0034644046424622396,0.0023244156286758443,0.0011171253068893662,0.00032338308457710856,0.00029496524299930753,0.00047657688988497754,0.0,0.0,0.0,0.0
India,0.0009119727808323027,0.0,0.0,0.0,0.0,0.0,0.0,0.0,0.0,0.0,0.0,0.0,0.0,0.0,0.0,0.0,0.0,0.0,0.0,0.0,0.0,0.0,0.0,0.0,0.0,0.0,0.0,0.0,0.0,0.0,0.0,0.0,0.0,0.0,0.0,0.0,0.0,0.0,0.0,0.0,0.0,0.0,0.0,0.0,0.0,0.0,0.0,0.0,0.0,0.0,0.0,0.0,0.0,0.0,0.0,0.002646524289229324,0.01139063185383516,0.01121677209609521,0.0031133898735960647,0.0,0.0,0.002521555865585762,0.00404688614111059,0.0015928614573262952,0.00023207961311347877,0.0022196637974748134,0.0021769111975489105,0.00508815089462521,0.006775191342348786,0.005777124110559464,0.004671760416633324,0.0022935323382387647,0.0003643688295873799,0.0014683720391050659,0.0013492266040359008,0.0,0.0,0.00030022302281527226
Thailand,0.0008969286201828516,0.0,0.0,0.0,0.0,0.0,0.0,0.0,0.0,0.0,0.0,0.0,0.0,0.0,0.0,0.0,0.0,0.0,0.0,0.0,0.0,0.0,0.0,0.0,0.0,0.0,0.0,0.0,0.0,0.0,0.0,0.0,0.0,0.0,0.0,0.0,0.0,0.0,0.0,0.0,0.0,0.0,0.0,0.0,0.0,0.0,0.0,0.0,0.0,0.0,0.0,0.0,0.0,0.0,0.0,0.0,0.0,0.01050660630524625,0.016086102917979864,0.010890045005591797,0.007853814912337775,0.007561542992215048,0.0059164188448896544,0.004772276009771653,0.002946757341152128,0.00029978217954401216,0.0,0.0,0.0,0.0,0.0,0.0,0.0,0.0,0.0,0.0,6.131990261736547e-05,0.00026934294047009763
Japan,0.0008291027635042476,9.566189260677063e-06,1.6508369743459935e-05,0.0,0.0,0.0,0.0,0.0,0.0,0.0,0.0,2.8237983077142848e-05,0.0013223837404294871,0.0,0.0,0.0,0.0,0.0,0.0,0.0,0.0,0.0,0.0,9.452595234896992e-05,0.001608625022209813,0.0,0.0,0.0,0.0,0.0,0.0,0.0,0.0,0.0,0.0,8.290004244482173e-05,0.0015667000683940132,0.0,0.0,0.0,0.0,0.0,0.0,0.0,0.0,0.0,0.0,0.0003381727399617401,0.002977578532245732,0.0,0.0,0.0,0.0,0.0,0.0,0.0,0.0,0.0,0.00012098268569310828,0.0003956535542611728,0.003103460208700667,0.0006139847925496929,0.00037216744056625103,1.577090551808213e-05,0.0,0.0,0.0,0.0,0.0,0.004395709840136454,0.009639607053574,0.011003316749585207,0.008098136671435534,0.006797660909102618,0.003929890187945838,0.00043893003969663983,0.002267179102177188,0.00454794990564477
Israel,0.0007687354202748372,0.0,0.0,0.0,0.0,0.0,0.0,0.0,0.0,0.0,0.0,0.0,0.0,0.0,0.0,0.0029031000101102985,0.008519783042348529,0.009824626721957608,0.008689466012413997,0.00842360342143694,0.008098822645893542,0.006420029697194676,0.004079601990049751,0.0004742881117860596,0.00012374038632383176,0.0,0.0012721403049938615,0.0,0.0,0.0,0.0,0.0,0.0,0.0,0.0,0.0,0.0,0.0,0.0,0.0,0.0,0.0,0.0,0.0,0.0,0.0,0.0,0.0,0.0,0.0,0.0,0.0,0.0,0.0,0.0,0.0,0.0,0.0,0.0,0.0,0.0,0.0,0.0,0.0,0.0,0.0,0.0,0.0,0.0,0.0,0.0,0.0,0.0,2.0930741785488877e-05,0.0,0.0,0.0,0.00028478298164354274
Chili,0.0006613815612113735,0.0,0.0,0.0,0.0,0.0,0.0,0.0,0.0,0.0,0.0,0.0,0.0,0.0,0.0,0.0,0.0,0.0,0.0,0.0,0.0,0.0,0.0,0.0,0.0,0.0,0.0,0.0015212981744421906,0.00024211709844215888,0.0,0.0,0.0,0.0,0.00035489514838431496,0.00013477932292644418,0.0,0.0,0.0,9.239977618720879e-05,0.0010945133106941333,0.0,0.0,0.005442713861175971,0.00524061751354682,0.0041419928425850145,0.0023711338496767466,6.418464639073687e-06,0.0,0.0,0.0,0.0,0.0,0.0,0.0,0.0,0.0,0.0,0.0,0.0,0.0,0.0,0.0,0.0,7.727743703860245e-05,0.00123884751225364,0.0034251708598964795,0.004973201529453543,0.005257702606297727,0.0033603924938432807,0.001750342871985084,0.0033737824454481147,0.000556384742951897,0.0003060067226837736,0.002270180455195332,0.0020845194094099634,0.0012444390136454185,0.0002021899491707726,0.0
Lithuania,0.0006070212877627766,0.0,0.0,0.0,0.0,0.0,0.0,0.0,0.0,0.0,0.0,0.0,0.0,0.0,0.0,0.0,0.0,0.0,0.0,0.0028934572240142506,0.004703318639808594,0.004809222039560906,0.004740812068688814,0.004472570061143366,0.003948587455897657,0.004034490561314146,0.0033047220213527685,0.002962359103396924,0.002378054240863396,0.002012514825044415,0.0020720359616665067,0.001913024777843578,0.0016417989494412588,0.000543951442383436,0.00010268900794395747,0.0,5.726010402252231e-05,1.6050256563351165e-06,0.0,0.0,0.0,0.0,0.0,0.0,0.0,0.0,0.0,0.0,0.0,0.0,0.0,0.0,0.0,0.00010983518355210167,0.0,0.0,0.0,0.0,0.0,0.0,0.0,0.0,0.0,0.0,0.0,0.0,0.0,0.0,0.0,0.0,0.0,0.0,0.0,0.0,0.0,0.0,0.0,0.0
Indonesia,0.00046985456386120113,0.0,0.0,0.0,0.0,0.0,0.0,0.0,0.0,0.0,0.0,0.0,0.0,0.0,5.863852017698171e-05,0.0,0.0,0.0,0.0,0.0,0.0,0.0,0.0,0.0,0.0,0.0,0.0,0.0,0.0,0.0,0.0,2.8887958054684905e-05,0.0,0.0,0.0,0.0,0.0,0.0,0.0,0.0,0.0,0.0,0.0,0.0,0.0,0.0,0.0,0.0,0.0,0.0,0.0,0.000337708066581306,0.0,0.0,0.0,0.0,0.0,0.0,0.0,0.0,1.0224273368755366e-05,0.0032620871420960783,0.004386010678075164,0.006158538604811073,0.0004053221412122728,0.0,8.25838845807629e-05,0.0,0.0,0.0,0.0,0.0,0.0,0.0,0.006085797248362992,0.007461810674842878,0.0014551047161634292,0.007143592382913927
Scotland,0.00042259259156453565,0.0,0.0,0.0,0.0,0.0,0.0,0.0,0.0,0.0,0.0,0.0,0.0,0.0,0.0,0.0,0.0,0.0,0.0,0.0,0.0,0.0,0.0,0.0,0.0,0.0,0.0,0.0,0.0,0.0,0.0,0.0,0.0,0.0,0.0,0.0,0.0,0.0,0.0,0.0,0.0,0.0,0.0,0.0,0.0,0.0,0.0,0.0,0.0,0.0,0.0043179242702512605,0.008301856594110115,0.00746027772654212,0.0051351927846243475,0.0014379872074320892,1.8915003853932037e-05,0.0,0.0,0.0,0.0,0.0,0.0011498544715434452,0.002735604598180901,0.001916165020446979,0.00024188579394925956,0.0,0.0,0.0,0.0,0.0,0.0,0.0,0.0,0.0,0.0,0.0,0.0,0.0
Turkey,0.00034955425105496113,0.0,0.0005007538822182847,0.0023943355398778504,0.0032063160123884903,0.003473161776039294,0.003241141251745197,0.0025448115103287516,0.001160385125884934,6.467693869123726e-05,0.0,0.0,5.430078161183885e-05,0.0,0.0,0.0,0.0,0.0,0.0,0.0,0.0,0.0,0.0,0.0,0.0,0.00017652902217365,0.0,0.0,0.0,0.0,0.0,0.0020895622992888746,0.0,0.0,0.00030806702383187243,0.0,0.0,0.0,7.015538562362149e-05,0.0,0.0,0.0,0.0,0.0,0.0,0.0,6.739387871027372e-05,0.0,4.124509421331328e-05,0.0,0.0,0.0,0.0,2.8652656578809133e-05,0.0,0.0,0.0,0.0,0.0002787196050145026,4.147980810802618e-05,0.0,0.0,0.00014608441592320134,0.0,0.001745500188768981,0.00014829650371060176,0.0,0.0006094264353512119,0.0004736553229417196,0.0001025720775643433,0.00014724287712581904,0.0,0.003435477536109582,0.00047979700400582195,0.0,0.0,0.0,0.0
Unknown,0.00025067950694945926,0.0,0.0,0.0,0.0,0.0,0.0,0.0,0.0,0.0,0.0,0.0,0.0,0.0,0.0,0.0,0.0,0.0013705049363854618,0.0014427166852672094,0.0011779243496541653,0.0011585793442312538,0.0019787081720316064,0.001762156957149735,0.001147578228517319,0.0004965479605046069,0.0005697072988331432,5.3301968086334976e-05,0.00024071173646237194,0.0004228757541284282,0.0,0.0,0.0,0.0,0.0,0.0,0.00015751008064516129,0.0,0.0,0.0,0.0,0.0,0.0,0.0,0.0,0.0,0.0,0.0,0.0,0.0,0.0,0.0,0.0,0.0,0.0,0.0,0.0,0.0,0.0,0.0,0.0,0.0,0.0,0.0,0.0,0.0,0.0,0.0,0.0,0.0,0.0,0.0,0.0,0.0,0.00020769736079446656,0.0010743841476582173,0.002180179977394299,0.0018661137931663112,0.0021541716703725494
Ghana,0.00024103853075845385,0.0,0.0,0.0,0.0,0.0,0.0,0.0,0.0,0.0,0.0,0.0,0.0,0.0,0.0,0.0,0.0,0.0,0.0,0.0,0.0,0.0,0.0,0.0,0.0,0.0,0.0,0.0,0.0,0.0,0.0,0.0,0.0,0.0,0.0,0.0,0.0,0.0,0.0,0.0,0.0,0.0,0.0,0.0,0.0,0.0,0.0,0.0,0.0,0.0,0.0,0.0,0.0,0.0,0.0,0.0,0.0,0.0,0.0,0.007771082511315213,0.005245314399048085,0.0036089182462844547,0.0014956261630232517,0.0,0.0,0.0,0.0,0.0,0.0,0.0,0.0,0.0,0.0,0.0,0.0,0.0,0.0,0.0
South Africa,0.00016863232751536085,0.0,0.0,0.0011811628532285119,0.0012193265743706489,1.7126044260548787e-06,0.0,0.0,0.0,0.0,0.0,0.0,0.0,0.0,0.0,0.0,0.0,0.0,0.0,0.0,0.0,0.0,0.0,0.0,0.0,0.0,0.0,0.0,0.0,0.0,0.0,0.0,0.0,0.0,0.0,0.0,0.0,0.0,0.0,0.0,0.0,0.0,0.0,0.0,0.0,0.002948165024283395,0.0051379809435784865,0.0022296192904340214,0.00011104448442045884,0.0,3.5523852490754916e-06,0.0,0.0,1.2734514035026281e-05,0.0,0.0,0.0,0.0,0.0,0.0,0.0,0.0,0.0,0.0,0.0,0.0,0.0,0.0,0.0,0.0,0.0,0.00012852404643449186,0.0,0.0,0.0,0.0,0.0,0.0
Albania,0.00015461583136012919,0.001745829540073564,0.004994698979049045,0.0020790386806827056,0.0,0.0,0.0,0.0,0.0,0.0,0.0,0.0,0.0,0.0,0.0,0.0,0.0,4.6539394795290856e-05,0.001265279115929748,0.001372105339174811,3.2093610643525036e-05,0.0003795009810680384,0.0,0.0,0.0,0.0,4.264157446906798e-05,0.0,0.0,0.0,0.0,0.0,0.0003659141353593421,0.0,0.0,0.0,0.0,0.0,0.0,0.0,0.0,0.0,0.0,0.0,0.0,0.0,0.0,0.0,0.0,0.0,0.0,0.0,0.0,5.0938056140105124e-05,0.0,0.0,0.0,0.0,0.0,0.0,0.0,0.0,0.0,0.0,0.0,0.0,0.0,0.0,0.0,0.0,0.0,0.0,0.0,0.0,0.0,0.0,0.0,0.0
Pakistan,0.00013323617206968512,0.0,0.0,0.0,0.0,0.0,0.0,0.0,0.0,0.0,0.0,0.0,0.0,0.0,0.0,0.0,0.0,0.0,0.0,0.0,0.0,0.0,0.0,0.0,0.0,0.0,0.0,0.0,0.0,0.0,0.0,0.0,0.0,0.0,0.0,0.0,0.0,0.0,0.0,0.0,0.0,0.0,0.0,0.0,0.0,0.0,0.0,0.0,0.0,0.0,0.0,0.0,0.0,0.0,0.0,0.0,0.0,0.0,0.0,0.0,0.0,0.0,0.0,0.0,0.00023207961311347877,0.002009178437369443,0.0007085697297029458,0.001129278381516944,0.00010721252242261896,0.0,0.0,0.0,0.0,0.0,0.004343938563787543,0.002009752929013919,0.0,0.0
Kazakhstan,0.00013269585362379185,0.0,0.0,0.0,0.0,0.0,0.0,0.0,0.0,0.0,0.0,0.0,0.0,0.0,0.0,0.0,0.0,0.0,0.0,0.0,0.0,0.0,0.0,0.0,0.0,0.0,0.0,0.0,0.0,0.0,0.0,0.0,0.0,0.0,0.0,0.0,0.0,0.0,0.0,0.0,0.0,0.0,0.0,0.0,0.0,0.0,8.023080798842109e-05,0.0,0.0,0.0,6.21667418588211e-05,0.0,0.0,0.0,1.7853114313490948e-05,0.0,0.0,0.0,0.0,0.0,8.258066951687026e-05,4.843137040468316e-05,0.0,0.0,0.0,7.813471700881168e-05,0.0020365185937616134,0.0029015736318296547,0.0026723121260563234,0.0016841673380726045,0.0004017169799845715,0.0,7.571300355062439e-05,0.0,0.0,0.0,0.0,0.0
Austria,0.0001174927757832493,0.0010490920889209179,0.0,0.0,0.0,0.0,0.0,1.6075878144843662e-06,0.0,0.0,0.0,0.0,0.0,0.0,0.0,0.0,0.0,0.0,0.0,0.0,0.0011778355106173688,0.000530307047780665,0.0005889905312148933,0.0,0.0,0.0,0.0,0.0,0.0,0.0,0.0,0.00019740104670701352,7.221989513671227e-05,0.00038474614217364985,6.578514571409775e-05,0.0,0.0,0.0,0.0,0.0,0.0,0.0,0.0,0.0,0.0,0.0,0.0,0.0,0.0,0.0,0.0,0.0,0.0,0.0,0.0,0.0008117689153979165,0.0002719916232868851,0.0002693179522858361,0.00015161121371668,9.89133885652932e-05,0.00014943168768146418,0.0011998481442192473,0.0011095459209405055,0.00046208753167980643,0.0,0.0,0.0,7.99772224870357e-05,1.9202242821961604e-05,2.8124601912803807e-05,0.0,0.0,0.0,0.0,0.0,0.0001061149546519349,0.00011269603724272571,0.0
Solomon Islands,9.401540958543144e-05,0.0,0.0,0.0,0.0,0.0,0.0,0.0,0.0,0.0,0.0,0.0,0.0,0.0,0.0,0.0,0.0,0.0,0.0,0.0,0.0,0.0,0.0,0.0,0.0,0.0,0.0,0.0,0.0,0.0,0.0,0.0,0.0,0.0,0.0,0.0,0.0,0.0,0.0,0.0,0.0,0.0,0.0,0.0,0.0,0.0,0.0,0.0,0.0,0.0,0.0,0.0,0.0,0.0,0.0021650958631088115,0.0028498605806590934,0.0020139957770549124,2.2443162690486342e-05,0.0,0.0,0.0,0.0,0.0,0.0,0.0,0.0,0.0,0.0,0.0,0.0,0.0,0.0,0.0,0.0,0.0,0.0,0.0,0.0
Finland,6.668165291083001e-05,0.0,0.0,0.0,0.0,0.0,0.0,0.0,0.0,5.306825738768186e-05,0.0,0.0,0.0,0.0,0.0,0.0,0.0,0.0,0.0,0.0,0.0,0.0,0.0,0.0,0.0,0.0,0.0,0.0,0.0,0.0,0.0,0.0,0.0,0.0,0.0,0.0,0.0,0.0,0.0,0.0,0.0,0.0,0.0,0.0,0.0,0.0,0.0,0.00013095905125969345,0.00015070322885633698,0.0,0.0,0.0,0.0,0.0008723142113993002,0.0,0.0,0.0,0.0,0.0,0.0,0.0,0.0,0.0,0.0,0.0,0.0,0.0,0.0,0.0,0.0,0.0,0.0,0.0,0.0,0.0,0.0,0.0,0.00410533539200601
Ukraine,5.6118957017582864e-05,0.0,0.0,0.0,0.0,0.0,0.0,0.0,0.0,0.0,0.0,0.0,0.0006052940067907918,0.0,0.0,0.0,0.0,0.0,0.0,0.0,0.0,0.0,0.0,0.0,0.000345838515623017,0.0,0.0,0.0,0.0,0.0,0.0,0.0,0.0,0.0,0.0,0.0,0.0002799382863323313,0.0,0.0,0.0,0.0,0.0,0.0,0.0,0.0,0.0,0.0,0.0,0.0003870693456941708,0.0,0.0,0.0,0.0,0.0010792500644684773,0.0,0.0,0.0,0.0,0.0,0.0,0.0006189617800931133,0.0,0.0,0.0,0.0,0.0004767812323598917,0.0,0.0,0.0,0.0,0.0,2.6533996683249934e-05,0.000386451788956312,0.0,0.0,0.0,0.0,0.0
Swiss,5.1277279963205786e-05,0.0,0.0,0.0,0.0,0.0,0.0,0.0,0.0,0.0,0.0,0.0,0.0,0.0,0.0,0.0,0.0,0.0,0.0,0.0,0.0,0.0,0.0,0.0,0.0,0.0,0.0,0.0,0.0,0.00018456076944187218,0.0,0.0,0.0,0.0,0.0,0.0,0.0,0.0,0.0,0.0,0.0,0.0,0.0,0.000954735891169736,0.0011779243496541653,0.00013430898029637514,0.0,0.0,0.0,0.0,0.0,0.0,0.0,0.00048550334758537696,0.0,0.0,0.0,0.0,0.0,0.0,0.0,0.0,0.0,0.0,0.0,0.0,0.0,0.0,0.0,0.0,0.0,0.0,0.0,0.0,0.0,0.0,0.0,0.0010121804769258446
Romania,4.472989173649893e-05,0.0,0.0,0.0,0.0,0.0,0.0,0.0,0.0,0.0,0.0,0.0,0.0,0.0,0.0,0.0,0.0,0.0,0.0,0.0,0.0,0.0,0.0,0.0,4.7592456278396835e-05,0.0,0.0,0.0,0.0,0.0,0.0,0.0,0.0,0.0,0.0,0.0,0.0,0.0,0.0,0.0,0.0,0.0,0.0,0.0,0.0,0.0,0.0,0.0,0.0,0.0,0.0,0.0,0.0,0.0,0.0,0.0017291466023136202,0.0015423340025689845,0.0,0.0,4.786131704772252e-06,0.0,0.0,0.0,0.0,0.0,0.0,0.0,0.0,0.0,0.0,0.0,0.0,0.0,0.0,0.0,0.0,0.0,0.0
Cameroon,3.322428718277136e-05,0.0,0.0,0.0,0.0,0.0,0.0,0.0,0.0,0.0,0.0,0.0,0.0,0.0,0.0,0.0,0.0,0.0,0.0,0.0,0.0,0.0,0.0,0.0,0.0,0.0,0.0,0.0,0.0,0.0,0.0,0.0,0.0,0.0,0.0,0.0,0.0,0.0,0.0,0.0,0.0,0.0,0.0,0.0008376002272110962,0.0015165374801405806,0.0001674716914806653,0.0,0.0,0.0,0.0,0.0,0.0,0.0,0.0,0.0,0.0,0.0,0.0,0.0,0.0,0.0,0.0,0.0,0.0,0.0,0.0,0.0,0.0,0.0,0.0,0.0,0.0,0.0,0.0,0.0,0.0,0.0,0.0
Portugal,2.4706325800538454e-05,0.0,0.0,0.0,0.0,0.00027915452144694524,0.0,0.0,0.0,0.0,0.0,0.0,0.0,0.0,0.0,0.0,0.0,0.0,0.0,0.0,0.0,0.0,0.0,0.0,0.0,0.0,0.0,0.0,0.0,0.0,0.0,0.0,0.0,0.0,0.0,0.0,0.0,0.0,0.0,0.0,0.0,0.0,0.0,0.0,0.0,0.0,0.0,0.0,0.0,0.0,0.0,0.0,0.0,0.0,0.0,0.0,0.0,0.0,0.0,0.0005551912777535812,0.0005332351803152256,0.0003937001723219405,0.00011130241213196293,0.0,0.0,0.0,0.0,0.0,0.0,0.0,0.0,0.0,0.0,0.0,0.0,0.0,0.0,0.0
Ivory Coast,1.8201315491071806e-05,0.0,0.0,0.0,0.0,0.0,0.0,0.0,0.0,0.0,0.0,0.0,0.0,0.0,0.0,0.0,0.0,0.0,0.0,0.0,0.0,0.0,0.0,0.0,0.0,0.0,0.0,0.0,0.0,0.0,0.0,0.0,0.0,0.0,0.0,0.0,0.0,0.0,0.0,0.0,0.0,0.0,0.0,0.0,0.0,0.0,0.0,0.0,0.0,0.0,0.0,0.0,0.0,0.0,0.0,0.0,0.0,0.0,0.0,0.0,0.0,0.0,0.0,0.0,0.0,0.0,0.0,0.0007805776914734684,0.0004688547622362292,0.0001290422911293351,0.0,0.0,0.0,0.0,0.0,0.0,0.0,0.0
Iceland,1.2776942073476484e-05,0.0,1.4674106438631052e-05,0.00047854700964136183,3.3088916536516926e-06,0.0,0.0,0.0,0.0,0.0,0.0,0.0,0.0,0.0,0.0,0.0,0.0,0.0,0.0,0.0,0.0,0.0,0.0,0.0,0.0,0.0,0.0,0.0,0.0,0.0,0.0,0.0,0.0,0.0,0.0,0.0,0.0,0.0,0.0,0.0,0.0,0.0,0.0,0.0,0.0,0.0,0.0,0.0,0.0,0.0,0.0,0.0,0.0,0.00046799339078721584,0.0,0.0,0.0,0.0,0.0,0.0,0.0,0.0,0.0,0.0,0.0,0.0,0.0,0.0,0.0,0.0,0.0,0.0,0.0,0.0,0.0,0.0,0.0,0.0
China,9.535031398116779e-06,0.0,0.0,0.0,0.0,0.0,0.0,0.0,0.0,0.0,0.0,0.0,0.0,0.0,0.0,0.0,0.0,0.0,0.0,0.0,0.0,0.0,0.0,0.0,0.0,0.0,0.0,0.0,0.0,0.0,0.0,0.0,0.0,0.0,0.0,0.0,0.0,0.0,0.0,0.0,0.0,0.0,0.0,0.0,0.0,0.0,0.00015725238365730534,0.0005835137473849633,0.0,0.0,0.0,0.0,0.0,0.0,0.0,0.0,0.0,0.0,0.0,0.0,0.0,0.0,0.0,0.0,0.0,0.0,0.0,0.0,0.0,0.0,0.0,0.0,0.0,0.0,0.0,0.0,0.0,0.0
Greece,9.06887430754218e-06,0.0,0.0,0.0,0.0,0.0,0.0,0.0,0.0,0.0,0.0,0.0,0.0,0.0,0.0,0.0,0.0,0.00040601609942098575,0.0,0.0,0.0,0.0,0.0,0.0,0.0,0.0,0.0,0.0,0.0,0.0,0.0,0.0,0.0,0.0,0.0,0.0,0.0,0.0,0.0,0.0,0.0,0.0,0.0,0.0,0.0,0.0,0.0,0.0,0.0,0.0,0.0,0.0,0.0,0.00027856749451619987,0.0,0.0,0.0,0.0,0.0,0.0,0.0,0.0,0.0,0.0,0.0,0.0,0.0,0.0,0.0,0.0,0.0,0.0,0.0,0.0,0.0,0.0,0.0,0.0
Ecuador,6.8652226066440804e-06,0.0,0.0,0.0,0.0,0.0,0.0,0.0,0.00029531239718233454,0.0,0.0,0.0,0.0,0.0,0.0,0.0,0.0,0.0,0.0,0.0,0.0,0.0,0.0,0.0,0.0,0.0,0.0,0.0,0.0,0.0,0.0,0.0,0.0,0.0,0.0,0.0,0.0,0.0,0.0,0.0,0.0,0.0,0.0,0.0,0.0,0.0,0.0,0.0,0.0,0.0,0.0,0.0,0.0,0.0,0.0,0.0,0.0,0.0,0.0,0.0,0.00022021511871165404,0.0,0.0,0.0,0.0,0.0,0.0,0.0,0.0,0.0,0.0,0.0,0.0,0.0,0.0,0.0,0.0,0.0
Haiti,5.286645186289192e-06,0.0,0.0,0.0,0.0,0.0,0.0,0.0,0.0,0.0,0.0,0.0,0.0,0.0,0.0,0.0,0.0,0.0,0.0,0.0,0.0,0.0,0.0,0.0,0.0,0.0,0.0,0.0,0.0,0.0,0.0,0.0,0.0,0.0,0.0,0.0,0.0,0.0,0.0,0.0,0.0,0.0,0.0,0.0,0.0,0.0,0.0,0.0,0.0,0.0,0.0,0.0,0.0,0.0,0.0,0.0,0.0,0.0,0.0,0.0,1.8089099037028726e-05,0.0,0.0,0.0,0.0,0.0,0.0,0.0,0.0,0.0,0.0,0.0,8.517712899445245e-05,0.0002962504991176887,0.0,0.0,0.0,0.0
Czech Republic,3.6021229726218942e-06,0.0,0.0,0.0,0.0,0.0,0.0,0.0,0.0,0.0,0.0,0.0,0.0,0.0,0.0,0.0,0.0,0.0002728171419034291,0.0,0.0,0.0,0.0,0.0,0.0,0.0,0.0,0.0,0.0,0.0,0.0,0.0,0.0,0.0,0.0,0.0,0.0,0.0,0.0,0.0,0.0,0.0,0.0,0.0,0.0,0.0,0.0,0.0,0.0,0.0,0.0,0.0,0.0,0.0,0.0,0.0,0.0,0.0,0.0,0.0,0.0,0.0,0.0,0.0,0.0,0.0,0.0,0.0,0.0,0.0,0.0,0.0,0.0,0.0,0.0,0.0,0.0,0.0,0.0
Moldavia,3.17834379937226e-06,0.0,0.0,0.0,0.0,0.0002568906639082318,0.0,0.0,0.0,0.0,0.0,0.0,0.0,0.0,0.0,0.0,0.0,0.0,0.0,0.0,0.0,0.0,0.0,0.0,0.0,0.0,0.0,0.0,0.0,0.0,0.0,0.0,0.0,0.0,0.0,0.0,0.0,0.0,0.0,0.0,0.0,0.0,0.0,0.0,0.0,0.0,0.0,0.0,0.0,0.0,0.0,0.0,0.0,0.0,0.0,0.0,0.0,0.0,0.0,0.0,0.0,0.0,0.0,0.0,0.0,0.0,0.0,0.0,0.0,0.0,0.0,0.0,0.0,0.0,0.0,0.0,0.0,0.0
Costa Rica,1.7798725276484654e-06,0.0,0.0,0.0,0.0,0.0,0.0,0.0,0.0,0.0,0.0,0.0,0.0,0.0,0.0,0.0,0.0,0.0,0.0,0.0,0.00013479316470280515,0.0,0.0,0.0,0.0,0.0,0.0,0.0,0.0,0.0,0.0,0.0,0.0,0.0,0.0,0.0,0.0,0.0,0.0,0.0,0.0,0.0,0.0,0.0,0.0,0.0,0.0,0.0,0.0,0.0,0.0,0.0,0.0,0.0,0.0,0.0,0.0,0.0,0.0,0.0,0.0,0.0,0.0,0.0,0.0,0.0,0.0,0.0,0.0,0.0,0.0,0.0,0.0,0.0,0.0,0.0,0.0,0.0
Malta,1.6103608583486116e-06,0.0,0.0,0.0,0.0,0.0,0.0,0.0,0.0,0.0,0.0,0.0,0.0,0.0,0.0,0.0,0.0,0.0,0.0,0.0,0.0,0.0,0.0,0.0,0.0,0.0,0.0,0.0,0.0,0.0,0.0,0.0,0.0,0.0,0.0,0.0,0.0,0.0,0.0,0.0,0.0,0.0,0.0,0.0,0.0,0.0,0.0,0.0,0.0,0.0,0.0,0.0,0.0,0.00012097788333274967,0.0,0.0,0.0,0.0,0.0,0.0,0.0,0.0,0.0,0.0,0.0,0.0,0.0,0.0,0.0,0.0,0.0,0.0,0.0,0.0,0.0,0.0,0.0,0.0
ALGERIA,1.4832271063737212e-06,0.0,0.0,0.0,0.0,0.0,0.0,0.0,0.0,0.0,0.0,0.0,0.0,0.0,0.0,0.0,0.0,0.0,0.0,0.0,0.0,0.0,0.0,0.0,0.0,0.0,0.0,0.0,0.0,0.0,0.0,0.0,0.0,0.0,0.0,0.0,0.0,0.0,0.0,0.0,0.0,0.0,0.0,0.0,0.0,0.0,0.0,0.0,0.0,0.0,0.0,0.0,0.0,0.0,0.0,0.0,0.0,0.0,0.0,0.0,0.0,0.0,0.0,0.0,0.0,0.0,0.0,0.0,0.0,0.00011580718434683921,0.0,0.0,0.0,0.0,0.0,0.0,0.0,0.0
Republic of Congo,1.3560933543988308e-06,0.0,0.0,0.0,0.0,0.0,0.0,0.0,0.0,0.0,0.0,0.0,0.0,0.0,0.0,0.0,0.0,0.0,0.0,0.0,0.0,0.0,0.0,0.0,0.0,0.0,0.0,0.0,0.0,0.0,0.0,0.0,0.0,0.0,0.0,0.0,0.0,0.0,0.0,0.0,0.0,0.0,0.0,0.0,0.0,0.00010612067578972852,0.0,0.0,0.0,0.0,0.0,0.0,0.0,0.0,0.0,0.0,0.0,0.0,0.0,0.0,0.0,0.0,0.0,0.0,0.0,0.0,0.0,0.0,0.0,0.0,0.0,0.0,0.0,0.0,0.0,0.0,0.0,0.0
Senegal,1.3137154370738674e-06,0.0,0.0,0.0,0.0,0.0,0.0,0.0,0.0,0.0,0.0,0.0,0.0,0.0,0.0,0.0,0.0,0.0,0.0,0.0,0.0,0.0,0.0,0.0,0.0,0.0,0.0,0.0,0.0,0.0,0.0,0.0,0.0,0.0,0.0,0.0,0.0,0.0,0.0,0.0,0.0,0.0,0.0,0.0,0.0,0.0001028044046712995,0.0,0.0,0.0,0.0,0.0,0.0,0.0,0.0,0.0,0.0,0.0,0.0,0.0,0.0,0.0,0.0,0.0,0.0,0.0,0.0,0.0,0.0,0.0,0.0,0.0,0.0,0.0,0.0,0.0,0.0,0.0,0.0
Poland,1.186581685098977e-06,0.0,0.0,0.0,0.0,0.0,0.0,0.0,0.0,0.0,0.0,0.0,0.0,0.0,0.0,0.0,0.0,0.0,0.0,0.0,0.0,0.0,0.0,0.0,0.0,0.0,0.0,0.0,0.0,0.0,0.0,0.0,0.0,0.0,0.0,0.0,0.0,0.0,0.0,0.0,0.0,0.0,0.0,0.0,0.0,0.0,0.0,0.0,0.0,0.0,0.0,0.0,0.0,0.0,6.816643646969272e-05,0.0,0.0,0.0,0.0,0.0,0.0,0.0,0.0,0.0,0.0,0.0,0.0,0.0,2.2402616625621874e-05,0.0,0.0,0.0,0.0,0.0,0.0,0.0,0.0,0.0
Azerbaijan,9.535031398116779e-07,0.0,0.0,0.0,0.0,0.0,0.0,0.0,0.0,0.0,0.0,0.0,0.0,0.0,0.0,0.0,0.0,0.0,0.0,0.0,0.0,0.0,0.0,0.0,0.0,0.0,0.0,0.0,0.0,0.0,0.0,0.0,0.0,0.0,0.0,0.0,0.0,0.0,0.0,0.0,0.0,0.0,0.0,0.0,0.0,0.0,0.0,0.0,0.0,0.0,0.0,0.0,0.0,7.163164144702284e-05,0.0,0.0,0.0,0.0,0.0,0.0,0.0,0.0,0.0,0.0,0.0,0.0,0.0,0.0,0.0,0.0,0.0,0.0,0.0,0.0,0.0,0.0,0.0,0.0
Sri Lanka,6.356687598744519e-07,0.0,0.0,0.0,0.0,0.0,0.0,0.0,0.0,0.0,0.0,0.0,0.0,0.0,0.0,0.0,0.0,0.0,0.0,0.0,0.0,0.0,0.0,0.0,0.0,0.0,0.0,0.0,0.0,0.0,0.0,0.0,0.0,0.0,0.0,0.0,0.0,0.0,0.0,0.0,0.0,0.0,0.0,0.0,0.0,0.0,0.0,0.0,0.0,0.0,0.0,0.0,0.0,0.0,0.0,0.0,0.0,0.0,0.0,0.0,0.0,0.0,0.0,0.0,0.0,0.0,0.0,0.0,0.0,0.0,4.801398167146273e-05,0.0,0.0,0.0,0.0,0.0,0.0,0.0
Lebanon,1.9070062796233558e-07,0.0,0.0,0.0,0.0,0.0,0.0,0.0,0.0,0.0,0.0,0.0,0.0,0.0,0.0,0.0,0.0,0.0,0.0,0.0,0.0,0.0,0.0,0.0,0.0,0.0,0.0,0.0,0.0,0.0,0.0,0.0,0.0,0.0,0.0,0.0,0.0,0.0,0.0,0.0,0.0,0.0,0.0,0.0,0.0,0.0,0.0,0.0,1.4277147996916137e-05,0.0,0.0,0.0,0.0,0.0,0.0,0.0,0.0,0.0,0.0,0.0,0.0,0.0,0.0,0.0,0.0,0.0,0.0,0.0,0.0,0.0,0.0,0.0,0.0,0.0,0.0,0.0,0.0,0.0
Bonaire,1.6951166929985385e-07,0.0,0.0,0.0,0.0,0.0,0.0,0.0,0.0,0.0,0.0,0.0,0.0,0.0,0.0,0.0,0.0,0.0,0.0,0.0,0.0,0.0,0.0,0.0,0.0,0.0,0.0,0.0,0.0,0.0,0.0,0.0,0.0,0.0,0.0,0.0,0.0,0.0,0.0,0.0,0.0,0.0,0.0,0.0,1.283841253029063e-05,0.0,0.0,0.0,0.0,0.0,0.0,0.0,0.0,0.0,0.0,0.0,0.0,0.0,0.0,0.0,0.0,0.0,0.0,0.0,0.0,0.0,0.0,0.0,0.0,0.0,0.0,0.0,0.0,0.0,0.0,0.0,0.0,0.0
Suecia,4.237791732496346e-08,0.0,0.0,3.2009833420826876e-06,0.0,0.0,0.0,0.0,0.0,0.0,0.0,0.0,0.0,0.0,0.0,0.0,0.0,0.0,0.0,0.0,0.0,0.0,0.0,0.0,0.0,0.0,0.0,0.0,0.0,0.0,0.0,0.0,0.0,0.0,0.0,0.0,0.0,0.0,0.0,0.0,0.0,0.0,0.0,0.0,0.0,0.0,0.0,0.0,0.0,0.0,0.0,0.0,0.0,0.0,0.0,0.0,0.0,0.0,0.0,0.0,0.0,0.0,0.0,0.0,0.0,0.0,0.0,0.0,0.0,0.0,0.0,0.0,0.0,0.0,0.0,0.0,0.0,0.0
